,non_hate,hate
non_hate,0.8952380952380953,0.10476190476190476
hate,0.23809523809523808,0.7619047619047619
