,non_hate,hate
non_hate,0.9047619047619048,0.09523809523809523
hate,0.21904761904761905,0.780952380952381
