seed,model,val_f1_macro,val_accuracy,test_f1_macro,test_accuracy
21,logreg,0.8358861499464547,0.8620689655172413,0.8422526234322005,0.8428571428571429
21,complement_nb,0.8207448361120173,0.8491379310344828,0.8473975837950767,0.8476190476190476
21,passive_aggressive,0.8058902275769746,0.8419540229885057,0.7973531844499586,0.8
21,linear_svm,0.8047059766705416,0.8390804597701149,0.8278061224489797,0.8285714285714286
21,sgd_log,0.797682820480877,0.8491379310344828,0.7743201569946734,0.780952380952381
