,non_hate,hate
non_hate,0.9142857142857143,0.08571428571428572
hate,0.3142857142857143,0.6857142857142857
