,non_hate,hate
non_hate,0.9523809523809523,0.047619047619047616
hate,0.3904761904761905,0.6095238095238096
