,non_hate,hate
non_hate,0.8761904761904762,0.12380952380952381
hate,0.22857142857142856,0.7714285714285715
