,non_hate,hate
non_hate,0.8476190476190476,0.1523809523809524
hate,0.2,0.8
