,non_hate,hate
non_hate,0.8666666666666667,0.13333333333333333
hate,0.2571428571428571,0.7428571428571429
