,non_hate,hate
non_hate,0.8857142857142857,0.11428571428571428
hate,0.2571428571428571,0.7428571428571429
