seed,model,val_f1_macro,val_accuracy,test_f1_macro,test_accuracy
13,logreg,0.8210887096774193,0.853448275862069,0.8133333333333334,0.8142857142857143
13,linear_svm,0.8192602877087432,0.8548850574712644,0.80401083517334,0.8047619047619048
13,complement_nb,0.8152934961345863,0.8462643678160919,0.8237095859330685,0.8238095238095238
13,sgd_log,0.7965798642948836,0.853448275862069,0.7591912194893637,0.7666666666666667
13,passive_aggressive,0.7872232764073371,0.8333333333333334,0.8084116412736064,0.8095238095238095
