,non_hate,hate
non_hate,0.8857142857142857,0.11428571428571428
hate,0.26666666666666666,0.7333333333333333
