,non_hate,hate
non_hate,0.8952380952380953,0.10476190476190476
hate,0.26666666666666666,0.7333333333333333
