,non_hate,hate
non_hate,0.9238095238095239,0.0761904761904762
hate,0.2857142857142857,0.7142857142857143
