seed,model,val_f1_macro,val_accuracy,test_f1_macro,test_accuracy
42,logreg,0.842013494805373,0.8692528735632183,0.8170396184886279,0.819047619047619
42,complement_nb,0.8382547560978593,0.8635057471264368,0.8425679820077694,0.8428571428571429
42,linear_svm,0.8351209677419356,0.8649425287356322,0.8130606468695076,0.8142857142857143
42,passive_aggressive,0.8290900345556498,0.860632183908046,0.7793311403508771,0.780952380952381
42,sgd_log,0.8156114718614719,0.8649425287356322,0.7879236243218488,0.7952380952380952
