,non_hate,hate
non_hate,0.8666666666666667,0.13333333333333333
hate,0.3047619047619048,0.6952380952380952
