,non_hate,hate
non_hate,0.9809523809523809,0.01904761904761905
hate,0.3904761904761905,0.6095238095238096
