,non_hate,hate
non_hate,0.8476190476190476,0.1523809523809524
hate,0.19047619047619047,0.8095238095238095
