,non_hate,hate
non_hate,0.8857142857142857,0.11428571428571428
hate,0.24761904761904763,0.7523809523809524
