seed,model,val_f1_macro,val_accuracy,test_f1_macro,test_accuracy
99,logreg,0.8288194444444444,0.853448275862069,0.8233247686395779,0.8238095238095238
99,linear_svm,0.8266379722620756,0.8563218390804598,0.8182397959183674,0.819047619047619
99,passive_aggressive,0.8186555497655028,0.8505747126436781,0.7935480920917259,0.7952380952380952
99,sgd_log,0.8052670895187907,0.8520114942528736,0.7591912194893637,0.7666666666666667
99,complement_nb,0.793552673730171,0.8204022988505747,0.8285092096905906,0.8285714285714286
