,non_hate,hate
non_hate,0.8857142857142857,0.11428571428571428
hate,0.29523809523809524,0.7047619047619048
