,non_hate,hate
non_hate,0.9428571428571428,0.05714285714285714
hate,0.4095238095238095,0.5904761904761905
