,non_hate,hate
non_hate,0.8571428571428571,0.14285714285714285
hate,0.19047619047619047,0.8095238095238095
