,non_hate,hate
non_hate,0.9142857142857143,0.08571428571428572
hate,0.2571428571428571,0.7428571428571429
