,non_hate,hate
non_hate,0.8952380952380953,0.10476190476190476
hate,0.24761904761904763,0.7523809523809524
