seed,model,val_f1_macro,val_accuracy,test_f1_macro,test_accuracy
77,logreg,0.8360925161342045,0.8649425287356322,0.8229059829059829,0.8238095238095238
77,passive_aggressive,0.8203944393202705,0.8548850574712644,0.8124098124098125,0.8142857142857143
77,linear_svm,0.8194561712257001,0.853448275862069,0.8273026315789473,0.8285714285714286
77,complement_nb,0.8113056433700538,0.8433908045977011,0.8332387975042541,0.8333333333333334
77,sgd_log,0.8030742337526998,0.8548850574712644,0.7727058823529411,0.780952380952381
