,non_hate,hate
non_hate,0.9142857142857143,0.08571428571428572
hate,0.2857142857142857,0.7142857142857143
