,non_hate,hate
non_hate,0.9714285714285714,0.02857142857142857
hate,0.4095238095238095,0.5904761904761905
